-- phpMyAdmin SQL Dump
-- version 4.5.1
-- http://www.phpmyadmin.net
--
-- Host: 127.0.0.1
-- Generation Time: 28-Jan-2016 às 18:28
-- Versão do servidor: 10.1.9-MariaDB
-- PHP Version: 5.5.30

SET SQL_MODE = "NO_AUTO_VALUE_ON_ZERO";
SET time_zone = "+00:00";


/*!40101 SET @OLD_CHARACTER_SET_CLIENT=@@CHARACTER_SET_CLIENT */;
/*!40101 SET @OLD_CHARACTER_SET_RESULTS=@@CHARACTER_SET_RESULTS */;
/*!40101 SET @OLD_COLLATION_CONNECTION=@@COLLATION_CONNECTION */;
/*!40101 SET NAMES utf8mb4 */;

--
-- Database: `bdic`
--

-- --------------------------------------------------------

--
-- Estrutura da tabela `datasource`
--

CREATE TABLE `datasource` (
  `idDATASOURCE` int(11) NOT NULL,
  `NAME` varchar(45) NOT NULL,
  `MANUFACTURER` varchar(45) DEFAULT NULL,
  `MODEL` varchar(45) DEFAULT NULL,
  `site_idSITE` int(11) DEFAULT NULL
) ENGINE=InnoDB DEFAULT CHARSET=utf8;

--
-- Extraindo dados da tabela `datasource`
--

INSERT INTO `datasource` (`idDATASOURCE`, `NAME`, `MANUFACTURER`, `MODEL`, `site_idSITE`) VALUES
(1, 'Nó 1', 'Fabricante 1', 'Modelo 1', 1);

-- --------------------------------------------------------

--
-- Estrutura da tabela `radio`
--

CREATE TABLE `radio` (
  `idRADIO` int(11) NOT NULL,
  `ENDREAL` varchar(64) DEFAULT NULL,
  `radioInfo_idRADIOINFO` int(11) NOT NULL,
  `datasource_idDATASOURCE` int(11) DEFAULT NULL
) ENGINE=InnoDB DEFAULT CHARSET=utf8;

--
-- Extraindo dados da tabela `radio`
--

INSERT INTO `radio` (`idRADIO`, `ENDREAL`, `radioInfo_idRADIOINFO`, `datasource_idDATASOURCE`) VALUES
(2, '234324235232423', 1, 1);

-- --------------------------------------------------------

--
-- Estrutura da tabela `radioinfo`
--

CREATE TABLE `radioinfo` (
  `idRADIOINFO` int(11) NOT NULL,
  `NAME` varchar(45) NOT NULL,
  `DESCRIPTION` varchar(300) DEFAULT NULL
) ENGINE=InnoDB DEFAULT CHARSET=utf8;

--
-- Extraindo dados da tabela `radioinfo`
--

INSERT INTO `radioinfo` (`idRADIOINFO`, `NAME`, `DESCRIPTION`) VALUES
(1, 'wi-fi', '50m');

-- --------------------------------------------------------

--
-- Estrutura da tabela `site`
--

CREATE TABLE `site` (
  `idSITE` int(11) NOT NULL,
  `NAME` varchar(45) NOT NULL,
  `INFORMATION` varchar(45) DEFAULT NULL
) ENGINE=InnoDB DEFAULT CHARSET=utf8;

--
-- Extraindo dados da tabela `site`
--

INSERT INTO `site` (`idSITE`, `NAME`, `INFORMATION`) VALUES
(1, 'UEFS', 'MODULO1');

-- --------------------------------------------------------

--
-- Estrutura da tabela `snapshot`
--

CREATE TABLE `snapshot` (
  `idSNAP` int(11) NOT NULL,
  `VALUE` float NOT NULL,
  `SNAPSHOT` timestamp NOT NULL DEFAULT CURRENT_TIMESTAMP ON UPDATE CURRENT_TIMESTAMP,
  `tag_idTAG` int(11) NOT NULL
) ENGINE=InnoDB DEFAULT CHARSET=utf8;

--
-- Extraindo dados da tabela `snapshot`
--

INSERT INTO `snapshot` (`idSNAP`, `VALUE`, `SNAPSHOT`, `tag_idTAG`) VALUES
(6, 50.5, '2014-02-16 09:53:08', 7);

-- --------------------------------------------------------

--
-- Estrutura da tabela `tag`
--

CREATE TABLE `tag` (
  `idTAG` int(11) NOT NULL,
  `DEVIATION` float DEFAULT NULL,
  `TIME_MAX` int(11) DEFAULT NULL,
  `CONV_RATE` int(11) DEFAULT NULL,
  `CHANNEL` int(11) DEFAULT NULL,
  `tagInfo_idTAGINFO` int(11) NOT NULL,
  `datasource_idDATASOURCE` int(11) DEFAULT NULL
) ENGINE=InnoDB DEFAULT CHARSET=utf8;

--
-- Extraindo dados da tabela `tag`
--

INSERT INTO `tag` (`idTAG`, `DEVIATION`, `TIME_MAX`, `CONV_RATE`, `CHANNEL`, `tagInfo_idTAGINFO`, `datasource_idDATASOURCE`) VALUES
(2, 1.2, 300, 2313, NULL, 2, 1),
(3, 1.2, 300, 2131, NULL, 3, 1),
(4, 1.2, 300, 2212, NULL, 1, 1),
(5, 1.2, 300, 2214, NULL, 1, 1),
(6, 1.2, 300, 2114, NULL, 1, 1),
(7, 1.2, 300000, 2313, NULL, 1, 1),
(24, 1.2, 300, 2313, NULL, 1, 1);

-- --------------------------------------------------------

--
-- Estrutura da tabela `taginfo`
--

CREATE TABLE `taginfo` (
  `idTAGINFO` int(11) NOT NULL,
  `NAME` varchar(45) NOT NULL,
  `DESCRIPTION` varchar(255) DEFAULT NULL
) ENGINE=InnoDB DEFAULT CHARSET=utf8;

--
-- Extraindo dados da tabela `taginfo`
--

INSERT INTO `taginfo` (`idTAGINFO`, `NAME`, `DESCRIPTION`) VALUES
(1, 'LM-35', 'Sensor de temperatura'),
(2, 'HC-SR04', 'Sensor de distância'),
(3, 'TSL2561', 'Sensor de luminosidade');

-- --------------------------------------------------------

--
-- Estrutura da tabela `values`
--

CREATE TABLE `values` (
  `idVALUES` int(11) NOT NULL,
  `VALUE` float NOT NULL,
  `DATETIME` timestamp NOT NULL DEFAULT CURRENT_TIMESTAMP ON UPDATE CURRENT_TIMESTAMP,
  `tag_idTAG` int(11) NOT NULL
) ENGINE=InnoDB DEFAULT CHARSET=utf8;

--
-- Extraindo dados da tabela `values`
--

INSERT INTO `values` (`idVALUES`, `VALUE`, `DATETIME`, `tag_idTAG`) VALUES
(102, 1.65, '2012-01-16 03:04:39', 4),
(103, 0.000763, '2012-01-16 03:05:19', 2),
(104, 5, '2012-01-16 03:05:59', 2),
(105, 0, '2012-01-16 03:06:59', 2),
(106, 0.00412, '2012-01-16 03:09:19', 3),
(107, 1.64, '2012-01-16 03:18:40', 4),
(108, 0.00206, '2012-01-16 03:21:20', 2),
(109, 0.0029, '2012-01-16 03:23:21', 3),
(110, 0.00572, '2012-01-16 03:24:01', 2),
(111, 5, '2012-01-16 03:25:21', 2),
(112, 0.00206, '2012-01-16 03:26:01', 2),
(113, 1.63, '2012-01-16 03:32:41', 4),
(114, 0.00412, '2012-01-16 03:38:02', 3),
(115, 0, '2012-01-16 03:40:22', 2),
(116, 1.63, '2012-01-16 03:46:43', 4),
(117, 0.0029, '2012-01-16 03:52:03', 3),
(118, 0.00328, '2012-01-16 03:54:23', 2),
(119, 1.63, '2012-01-16 04:00:44', 4),
(120, 0.00412, '2012-01-16 04:06:04', 3),
(121, 0.000763, '2012-01-16 04:08:05', 2),
(122, 1.65, '2012-01-16 04:14:46', 4),
(123, 0, '2012-01-16 04:20:26', 3),
(124, 0.000763, '2012-01-16 04:22:26', 2),
(125, 1.65, '2012-01-16 04:28:47', 4),
(126, 0.00168, '2012-01-16 04:35:07', 3),
(127, 0.000763, '2012-01-16 04:37:08', 2),
(128, 1.65, '2012-01-16 04:42:48', 4),
(129, 0.00412, '2012-01-16 04:49:28', 3),
(130, 0.0045, '2012-01-16 04:51:09', 2),
(131, 1.63661, '2012-01-16 04:56:50', 4),
(132, 0.00168, '2012-01-16 05:04:10', 3),
(133, 0.0045, '2012-01-16 05:05:30', 2),
(134, 1.62, '2012-01-16 05:10:51', 4),
(135, 0, '2012-01-16 05:18:12', 3),
(136, 0.00328, '2012-01-16 05:19:12', 2),
(137, 1.62, '2012-01-16 05:24:52', 4),
(138, 0.00412, '2012-01-16 05:32:33', 3),
(139, 0.0045, '2012-01-16 05:33:13', 2),
(140, 1.62, '2012-01-16 05:38:53', 4),
(141, 0, '2012-01-16 05:47:34', 2),
(142, 0.000458, '2012-01-16 05:47:14', 3),
(143, 1.65, '2012-01-16 05:52:55', 4),
(144, 0.0029, '2012-01-16 06:01:16', 3),
(145, 0, '2012-01-16 06:01:36', 2),
(146, 1.67, '2012-01-16 06:06:57', 4),
(147, 0, '2012-01-16 06:15:18', 3),
(148, 0.00572, '2012-01-16 06:15:38', 2),
(149, 1.63, '2012-01-16 06:20:58', 4),
(150, 0, '2012-01-16 06:29:19', 3),
(151, 0.00328, '2012-01-16 06:30:19', 2),
(152, 1.61, '2012-01-16 06:34:59', 4),
(153, 0.000458, '2012-01-16 06:43:40', 3),
(154, 0.00328, '2012-01-16 06:44:21', 2),
(155, 1.62, '2012-01-16 06:49:01', 4),
(156, 0, '2012-01-16 06:58:42', 2),
(157, 0.00168, '2012-01-16 06:58:22', 3),
(158, 1.63, '2012-01-16 07:03:02', 4),
(159, 0.00412, '2012-01-16 07:12:43', 3),
(160, 0.000763, '2012-01-16 07:12:23', 2),
(161, 1.62, '2012-01-16 07:17:03', 4),
(162, 0, '2012-01-16 07:26:44', 2),
(163, 0.00412, '2012-01-16 07:26:24', 3),
(164, 1.61, '2012-01-16 07:31:05', 4),
(165, 0.000458, '2012-01-16 07:40:26', 3),
(166, 0, '2012-01-16 07:41:26', 2),
(167, 1.6, '2012-01-16 07:45:06', 4),
(168, 0.00168, '2012-01-16 07:54:47', 3),
(169, 0, '2012-01-16 07:55:27', 2),
(170, 1.62, '2012-01-16 07:59:07', 4),
(171, 0, '2012-01-16 08:09:28', 3),
(172, 0.000763, '2012-01-16 08:09:48', 2),
(173, 1.63, '2012-01-16 08:13:09', 4),
(174, 0.0116, '2012-01-16 08:23:49', 3),
(175, 0, '2012-01-16 08:24:29', 2),
(176, 1.61, '2012-01-16 08:27:10', 4),
(177, 0.0722, '2012-01-16 08:37:51', 3),
(178, 0.0367, '2012-01-16 08:38:31', 2),
(179, 1.67, '2012-01-16 08:41:11', 4),
(180, 0.195926, '2012-01-16 08:51:52', 3),
(181, 0.109712, '2012-01-16 08:52:32', 2),
(182, 1.73808, '2012-01-16 08:55:12', 4),
(183, 0.143969, '2012-01-16 09:05:53', 3),
(184, 0.109712, '2012-01-16 09:06:33', 2),
(185, 1.71832, '2012-01-16 09:09:14', 4),
(186, 0.304112, '2012-01-16 09:19:36', 2),
(187, 0.344396, '2012-01-16 09:19:56', 3),
(188, 0.213245, '2012-01-16 09:22:56', 3),
(189, 1.8545, '2012-01-16 09:23:16', 4),
(190, 0.274357, '2012-01-16 09:33:37', 2),
(191, 0.335088, '2012-01-16 09:35:37', 2),
(192, 0.374075, '2012-01-16 09:35:57', 3),
(193, 0.492256, '2012-01-16 09:36:37', 2),
(194, 0.574502, '2012-01-16 09:36:57', 3),
(198, 0.00328, '2014-02-16 06:23:44', 5),
(199, 0.000763, '2014-02-16 06:25:27', 5),
(200, 0, '2014-02-16 06:39:00', 5),
(201, 0.000763, '2014-02-16 06:39:12', 5),
(202, 0.000763, '2014-02-16 06:46:03', 5),
(203, 0, '2014-02-16 06:47:51', 5),
(204, 0, '2014-02-16 06:49:09', 5),
(205, 0.000763, '2014-02-16 07:15:04', 5),
(206, 0.000763, '2014-02-16 07:40:25', 5),
(207, 0, '2014-02-16 08:21:32', 5),
(208, 0.0045, '2014-02-16 08:35:08', 5),
(209, 0.000763, '2014-02-16 08:35:37', 5),
(210, 0.000763, '2014-02-16 08:45:13', 5),
(211, 0, '2014-02-16 09:06:30', 5),
(212, 0.0045, '2014-02-16 09:16:04', 5),
(213, 0.00328, '2014-02-16 09:34:55', 5),
(214, 0.000763, '2014-02-16 09:42:13', 5),
(215, 0, '2014-02-16 09:49:20', 5),
(216, 0.00206, '2014-02-16 09:51:21', 5),
(217, 0, '2014-02-16 10:13:22', 5),
(218, 0.00206, '2014-02-16 10:17:24', 5),
(219, 0, '2014-02-16 10:22:27', 5),
(220, 0, '2014-02-16 10:30:33', 5),
(221, 0.00572, '2014-02-16 10:47:20', 5),
(222, 0, '2014-02-16 10:53:16', 5),
(223, 0.00206, '2014-02-16 11:04:48', 5),
(224, 0, '2014-02-16 11:13:09', 5),
(225, 0, '2014-02-16 11:14:15', 5),
(226, 0.000763, '2014-02-16 11:14:38', 5),
(227, 0.00206, '2014-02-16 11:22:38', 5),
(228, 0, '2014-02-16 11:26:59', 5),
(229, 0.000763, '2014-02-16 11:54:23', 5),
(230, 0.00206, '2014-02-16 12:09:58', 5),
(231, 0, '2014-02-16 12:13:23', 5),
(232, 0, '2014-02-16 12:23:39', 5),
(233, 0.000763, '2014-02-16 12:32:04', 5),
(234, 0, '2014-02-16 12:41:24', 5),
(235, 0, '2014-02-16 12:46:35', 5),
(236, 0.000763, '2014-02-16 12:51:46', 5),
(237, 0, '2014-02-16 13:07:15', 5),
(238, 0.000763, '2014-02-16 14:07:58', 5),
(239, 0.0045, '2014-02-16 14:18:31', 5),
(240, 0.000763, '2014-02-16 14:55:45', 5),
(241, 0, '2014-02-16 15:02:21', 5),
(242, 0.00206, '2014-02-16 15:07:29', 5),
(243, 0.000763, '2014-02-16 15:10:41', 5),
(244, 0.00206, '2014-02-16 15:24:30', 5),
(245, 0.00206, '2014-02-16 16:15:16', 5),
(246, 0.00206, '2014-02-16 16:25:53', 5),
(247, 0.00206, '2014-02-16 16:29:01', 5),
(248, 0, '2014-02-16 16:30:17', 5),
(249, 0.000763, '2014-02-16 16:46:39', 5),
(250, 0.00206, '2014-02-16 16:49:41', 5),
(251, 0.00328, '2014-02-16 17:00:46', 5),
(252, 0, '2014-02-16 17:07:07', 5),
(253, 0, '2014-02-16 17:13:50', 5),
(254, 0, '2014-02-16 17:23:36', 5),
(255, 0.00206, '2014-02-16 17:27:31', 5),
(256, 0.00572, '2014-02-16 17:55:43', 5),
(257, 0.000763, '2014-02-16 18:06:32', 5),
(258, 0, '2014-02-16 18:09:56', 5),
(259, 0, '2014-02-16 18:11:14', 5),
(260, 0.00206, '2014-02-16 18:29:50', 5),
(261, 0.00206, '2014-02-16 18:37:00', 5),
(262, 0.00206, '2014-02-16 19:03:29', 5),
(263, 0.000763, '2014-02-16 19:09:58', 5),
(264, 0, '2014-02-16 19:27:58', 5),
(265, 0.000763, '2014-02-16 19:28:46', 5),
(266, 0.000763, '2014-02-16 19:43:58', 5),
(267, 0, '2014-02-16 20:10:30', 5),
(268, 0, '2014-02-16 20:39:44', 5),
(269, 0, '2014-02-16 21:00:32', 5),
(270, 0.0045, '2014-02-16 21:30:24', 5),
(271, 0.00206, '2014-02-16 21:49:23', 5),
(272, 0.0045, '2014-02-16 22:05:05', 5),
(273, 0.00328, '2014-02-16 22:32:00', 5),
(274, 0.000763, '2014-02-16 22:58:08', 5),
(275, 0.00206, '2014-02-16 23:42:04', 5),
(276, 0, '2014-02-16 23:56:51', 5),
(277, 0.00328, '2014-02-17 00:05:50', 5),
(278, 0.00206, '2014-02-17 00:06:29', 5),
(279, 0.000763, '2014-02-17 00:17:29', 5),
(280, 0.000763, '2014-02-17 01:07:51', 5),
(281, 0.00206, '2014-02-17 01:16:12', 5),
(282, 0, '2014-02-17 01:26:05', 5),
(283, 0.00328, '2014-02-17 01:41:51', 5),
(284, 0.00206, '2014-02-17 01:42:09', 5),
(285, 0.000763, '2014-02-17 02:39:23', 5),
(286, 0.00206, '2014-02-17 02:39:55', 5),
(287, 0.000763, '2014-02-17 03:20:11', 5),
(288, 0.0045, '2014-02-17 03:58:04', 5),
(289, 0.0045, '2014-02-17 04:21:29', 5),
(290, 0.000763, '2014-02-17 04:22:02', 5),
(291, 0.000763, '2014-02-17 04:37:11', 5),
(292, 0, '2014-02-17 04:37:18', 5),
(293, 0, '2014-02-17 04:54:38', 5),
(294, 0.000763, '2014-02-17 04:59:44', 5),
(295, 0, '2014-02-17 05:07:42', 5),
(296, 0.000763, '2014-02-17 05:21:52', 5),
(297, 0.00328, '2014-02-17 05:43:56', 5),
(298, 0, '2014-02-16 06:23:44', 6),
(299, 0.00206, '2014-02-16 06:25:27', 6),
(300, 0.0045, '2014-02-16 06:39:00', 6),
(301, 0.00206, '2014-02-16 06:39:12', 6),
(302, 0.00206, '2014-02-16 06:46:03', 6),
(303, 0, '2014-02-16 06:47:51', 6),
(304, 0.00206, '2014-02-16 06:49:09', 6),
(305, 0.0045, '2014-02-16 07:15:04', 6),
(306, 0.000763, '2014-02-16 07:40:25', 6),
(307, 0.00328, '2014-02-16 08:21:32', 6),
(308, 0.0045, '2014-02-16 08:35:08', 6),
(309, 0.00328, '2014-02-16 08:35:37', 6),
(310, 0.00328, '2014-02-16 08:45:13', 6),
(311, 0.00206, '2014-02-16 09:06:30', 6),
(312, 0, '2014-02-16 09:16:04', 6),
(313, 0, '2014-02-16 09:34:55', 6),
(314, 0, '2014-02-16 09:42:13', 6),
(315, 0, '2014-02-16 09:49:20', 6),
(316, 0.000763, '2014-02-16 09:51:21', 6),
(317, 0.00206, '2014-02-16 10:13:22', 6),
(318, 0, '2014-02-16 10:17:24', 6),
(319, 0.00206, '2014-02-16 10:22:27', 6),
(320, 0.00328, '2014-02-16 10:30:33', 6),
(321, 0.00206, '2014-02-16 10:47:20', 6),
(322, 0.0045, '2014-02-16 10:53:16', 6),
(323, 0.000763, '2014-02-16 11:04:48', 6),
(324, 0, '2014-02-16 11:13:09', 6),
(325, 0.000763, '2014-02-16 11:14:15', 6),
(326, 0.000763, '2014-02-16 11:14:38', 6),
(327, 0.00328, '2014-02-16 11:22:38', 6),
(328, 0, '2014-02-16 11:26:59', 6),
(329, 0.00206, '2014-02-16 11:54:23', 6),
(330, 0.00328, '2014-02-16 12:09:58', 6),
(331, 0, '2014-02-16 12:13:23', 6),
(332, 0, '2014-02-16 12:23:39', 6),
(333, 0, '2014-02-16 12:32:04', 6),
(334, 0, '2014-02-16 12:41:24', 6),
(335, 0.0045, '2014-02-16 12:46:35', 6),
(336, 0.00328, '2014-02-16 12:51:46', 6),
(337, 0.000763, '2014-02-16 13:07:15', 6),
(338, 0.00206, '2014-02-16 14:07:58', 6),
(339, 0.00206, '2014-02-16 14:18:31', 6),
(340, 0.0045, '2014-02-16 14:55:45', 6),
(341, 0, '2014-02-16 15:02:21', 6),
(342, 0.000763, '2014-02-16 15:07:29', 6),
(343, 0.0045, '2014-02-16 15:10:41', 6),
(344, 0, '2014-02-16 15:24:30', 6),
(345, 0.00328, '2014-02-16 16:15:16', 6),
(346, 0, '2014-02-16 16:25:53', 6),
(347, 0.00328, '2014-02-16 16:29:01', 6),
(348, 0.00572, '2014-02-16 16:30:17', 6),
(349, 0, '2014-02-16 16:46:39', 6),
(350, 0.0045, '2014-02-16 16:49:41', 6),
(351, 0.00206, '2014-02-16 17:00:46', 6),
(352, 0, '2014-02-16 17:07:07', 6),
(353, 0.00206, '2014-02-16 17:13:50', 6),
(354, 0, '2014-02-16 17:23:36', 6),
(355, 0, '2014-02-16 17:27:31', 6),
(356, 0.00206, '2014-02-16 17:55:43', 6),
(357, 0.00328, '2014-02-16 18:06:32', 6),
(358, 0.00572, '2014-02-16 18:09:56', 6),
(359, 0, '2014-02-16 18:11:14', 6),
(360, 0.0045, '2014-02-16 18:29:50', 6),
(361, 0.00328, '2014-02-16 18:37:00', 6),
(362, 0, '2014-02-16 19:03:29', 6),
(363, 0, '2014-02-16 19:09:58', 6),
(364, 0, '2014-02-16 19:27:58', 6),
(365, 0, '2014-02-16 19:28:46', 6),
(366, 0.00206, '2014-02-16 19:43:58', 6),
(367, 0.00328, '2014-02-16 20:10:30', 6),
(368, 0, '2014-02-16 20:39:44', 6),
(369, 0.00206, '2014-02-16 21:00:32', 6),
(370, 0, '2014-02-16 21:30:24', 6),
(371, 0, '2014-02-16 21:49:23', 6),
(372, 0.00328, '2014-02-16 22:05:05', 6),
(373, 0, '2014-02-16 22:32:00', 6),
(374, 0.00206, '2014-02-16 22:58:08', 6),
(375, 0.000763, '2014-02-16 23:42:04', 6),
(376, 0.000763, '2014-02-16 23:56:51', 6),
(377, 0, '2014-02-17 00:05:50', 6),
(378, 0, '2014-02-17 00:06:29', 6),
(379, 0.00328, '2014-02-17 00:17:29', 6),
(380, 0.0045, '2014-02-17 01:07:51', 6),
(381, 0, '2014-02-17 01:16:12', 6),
(382, 0.00328, '2014-02-17 01:26:05', 6),
(383, 0.00206, '2014-02-17 01:41:51', 6),
(384, 0.00328, '2014-02-17 01:42:09', 6),
(385, 0, '2014-02-17 02:39:23', 6),
(386, 0.00206, '2014-02-17 02:39:55', 6),
(387, 0, '2014-02-17 03:20:11', 6),
(388, 0.00328, '2014-02-17 03:58:04', 6),
(389, 0.00328, '2014-02-17 04:21:29', 6),
(390, 0.00206, '2014-02-17 04:22:02', 6),
(391, 0, '2014-02-17 04:37:11', 6),
(392, 0.00572, '2014-02-17 04:37:18', 6),
(393, 0.000763, '2014-02-17 04:54:38', 6),
(394, 0, '2014-02-17 04:59:44', 6),
(395, 0.0045, '2014-02-17 05:07:42', 6),
(396, 0.000763, '2014-02-17 05:21:52', 6),
(397, 0.00328, '2014-02-17 05:43:56', 6),
(411, 15.1, '2014-02-16 09:09:08', 7),
(412, 84.5, '2014-02-16 09:16:08', 7),
(413, 84.5, '2014-02-16 09:50:08', 7);

--
-- Indexes for dumped tables
--

--
-- Indexes for table `datasource`
--
ALTER TABLE `datasource`
  ADD PRIMARY KEY (`idDATASOURCE`),
  ADD KEY `fk_datasource_node1_idx` (`site_idSITE`);

--
-- Indexes for table `radio`
--
ALTER TABLE `radio`
  ADD PRIMARY KEY (`idRADIO`),
  ADD KEY `fk_radio_radioTipo1_idx` (`radioInfo_idRADIOINFO`),
  ADD KEY `fk_radio_datasource1_idx` (`datasource_idDATASOURCE`);

--
-- Indexes for table `radioinfo`
--
ALTER TABLE `radioinfo`
  ADD PRIMARY KEY (`idRADIOINFO`);

--
-- Indexes for table `site`
--
ALTER TABLE `site`
  ADD PRIMARY KEY (`idSITE`);

--
-- Indexes for table `snapshot`
--
ALTER TABLE `snapshot`
  ADD PRIMARY KEY (`idSNAP`),
  ADD KEY `fk_snapshot_tag1_idx` (`tag_idTAG`);

--
-- Indexes for table `tag`
--
ALTER TABLE `tag`
  ADD PRIMARY KEY (`idTAG`),
  ADD KEY `fk_tag_tagInfo2_idx` (`tagInfo_idTAGINFO`),
  ADD KEY `fk_tag_datasource1_idx` (`datasource_idDATASOURCE`);

--
-- Indexes for table `taginfo`
--
ALTER TABLE `taginfo`
  ADD PRIMARY KEY (`idTAGINFO`);

--
-- Indexes for table `values`
--
ALTER TABLE `values`
  ADD PRIMARY KEY (`idVALUES`),
  ADD KEY `fk_valores_tag1_idx` (`tag_idTAG`);

--
-- AUTO_INCREMENT for dumped tables
--

--
-- AUTO_INCREMENT for table `datasource`
--
ALTER TABLE `datasource`
  MODIFY `idDATASOURCE` int(11) NOT NULL AUTO_INCREMENT, AUTO_INCREMENT=2;
--
-- AUTO_INCREMENT for table `radio`
--
ALTER TABLE `radio`
  MODIFY `idRADIO` int(11) NOT NULL AUTO_INCREMENT, AUTO_INCREMENT=3;
--
-- AUTO_INCREMENT for table `radioinfo`
--
ALTER TABLE `radioinfo`
  MODIFY `idRADIOINFO` int(11) NOT NULL AUTO_INCREMENT, AUTO_INCREMENT=2;
--
-- AUTO_INCREMENT for table `site`
--
ALTER TABLE `site`
  MODIFY `idSITE` int(11) NOT NULL AUTO_INCREMENT, AUTO_INCREMENT=2;
--
-- AUTO_INCREMENT for table `snapshot`
--
ALTER TABLE `snapshot`
  MODIFY `idSNAP` int(11) NOT NULL AUTO_INCREMENT, AUTO_INCREMENT=7;
--
-- AUTO_INCREMENT for table `tag`
--
ALTER TABLE `tag`
  MODIFY `idTAG` int(11) NOT NULL AUTO_INCREMENT, AUTO_INCREMENT=25;
--
-- AUTO_INCREMENT for table `taginfo`
--
ALTER TABLE `taginfo`
  MODIFY `idTAGINFO` int(11) NOT NULL AUTO_INCREMENT, AUTO_INCREMENT=4;
--
-- AUTO_INCREMENT for table `values`
--
ALTER TABLE `values`
  MODIFY `idVALUES` int(11) NOT NULL AUTO_INCREMENT, AUTO_INCREMENT=414;
--
-- Constraints for dumped tables
--

--
-- Limitadores para a tabela `datasource`
--
ALTER TABLE `datasource`
  ADD CONSTRAINT `fk_datasource_node1` FOREIGN KEY (`site_idSITE`) REFERENCES `site` (`idSITE`) ON DELETE NO ACTION ON UPDATE NO ACTION;

--
-- Limitadores para a tabela `radio`
--
ALTER TABLE `radio`
  ADD CONSTRAINT `fk_radio_datasource1` FOREIGN KEY (`datasource_idDATASOURCE`) REFERENCES `datasource` (`idDATASOURCE`) ON DELETE NO ACTION ON UPDATE NO ACTION,
  ADD CONSTRAINT `fk_radio_radioTipo1` FOREIGN KEY (`radioInfo_idRADIOINFO`) REFERENCES `radioinfo` (`idRADIOINFO`) ON DELETE NO ACTION ON UPDATE NO ACTION;

--
-- Limitadores para a tabela `snapshot`
--
ALTER TABLE `snapshot`
  ADD CONSTRAINT `fk_snapshot_tag1` FOREIGN KEY (`tag_idTAG`) REFERENCES `tag` (`idTAG`) ON DELETE NO ACTION ON UPDATE NO ACTION;

--
-- Limitadores para a tabela `tag`
--
ALTER TABLE `tag`
  ADD CONSTRAINT `fk_tag_datasource1` FOREIGN KEY (`datasource_idDATASOURCE`) REFERENCES `datasource` (`idDATASOURCE`) ON DELETE NO ACTION ON UPDATE NO ACTION,
  ADD CONSTRAINT `fk_tag_tagInfo2` FOREIGN KEY (`tagInfo_idTAGINFO`) REFERENCES `taginfo` (`idTAGINFO`) ON DELETE NO ACTION ON UPDATE NO ACTION;

--
-- Limitadores para a tabela `values`
--
ALTER TABLE `values`
  ADD CONSTRAINT `fk_valores_tag1` FOREIGN KEY (`tag_idTAG`) REFERENCES `tag` (`idTAG`) ON DELETE NO ACTION ON UPDATE NO ACTION;

/*!40101 SET CHARACTER_SET_CLIENT=@OLD_CHARACTER_SET_CLIENT */;
/*!40101 SET CHARACTER_SET_RESULTS=@OLD_CHARACTER_SET_RESULTS */;
/*!40101 SET COLLATION_CONNECTION=@OLD_COLLATION_CONNECTION */;
